experiment,batch_size,device,epochs,learning_rate,seed,num_workers,model,parameter_count,train_runtime_seconds,train_examples,train_examples_total,train_examples_per_second,train_eval_runtime_seconds,train_accuracy,train_eval_examples,train_eval_examples_per_second,test_runtime_seconds,test_accuracy,test_examples,test_examples_per_second
batch_size_cifar10,20,cuda,10,0.01,0,0,ProjectCIFAR10CNN,2193226,126.90802869998151,50000.0,500000.0,3939.861056245946,9.890396099974168,0.97526,50000.0,5055.409257080269,1.9627284999878611,0.7355,10000.0,5094.948180587303
batch_size_cifar10,50,cuda,10,0.01,0,0,ProjectCIFAR10CNN,2193226,90.69587489997502,50000.0,500000.0,5512.929894015915,7.441818899998907,0.83758,50000.0,6718.787526528944,1.5129044000059366,0.7157,10000.0,6609.802972323142
batch_size_cifar10,100,cuda,10,0.01,0,0,ProjectCIFAR10CNN,2193226,79.33595000000787,50000.0,500000.0,6302.313137990412,6.826913199998671,0.68734,50000.0,7323.954257981445,1.3367706999997608,0.6407,10000.0,7480.71453092276
batch_size_cifar10,200,cuda,10,0.01,0,0,ProjectCIFAR10CNN,2193226,70.4199290999968,50000.0,500000.0,7100.262757862144,6.683690100006061,0.59072,50000.0,7480.897416227401,1.374087200005306,0.5753,10000.0,7277.558512997854
batch_size_cifar10,500,cuda,10,0.01,0,0,ProjectCIFAR10CNN,2193226,66.84576669998933,50000.0,500000.0,7479.905230858543,6.371363300015219,0.468,50000.0,7847.614026323153,1.2686843999836128,0.4719,10000.0,7882.180942816958
batch_size_cifar10,1000,cuda,10,0.01,0,0,ProjectCIFAR10CNN,2193226,63.07426980001037,50000.0,500000.0,7927.162717624006,6.753746499976842,0.34962,50000.0,7403.298302678587,1.3381313999998383,0.3541,10000.0,7473.107648472495
