experiment,batch_size,device,epochs,learning_rate,seed,num_workers,model,parameter_count,train_runtime_seconds,train_examples,train_examples_total,train_examples_per_second,train_eval_runtime_seconds,train_accuracy,train_eval_examples,train_eval_examples_per_second,test_runtime_seconds,test_accuracy,test_examples,test_examples_per_second
batch_size_cifar10,20,cuda,10,0.01,0,0,ProjectCIFAR10CNN,2193226,126.85786660001031,50000.0,500000.0,3941.4189549358175,9.94496390002314,0.97526,50000.0,5027.670336730298,1.9680981999845244,0.7355,10000.0,5081.047277050826
batch_size_cifar10,50,cuda,10,0.01,0,0,ProjectCIFAR10CNN,2193226,90.8663155999966,50000.0,500000.0,5502.589124456794,8.002405299979728,0.83812,50000.0,6248.121424208127,1.477928400010569,0.7165,10000.0,6766.227646703648
batch_size_cifar10,100,cuda,10,0.01,0,0,ProjectCIFAR10CNN,2193226,79.07334699999774,50000.0,500000.0,6323.24315296802,7.120313099992927,0.686,50000.0,7022.163112468982,1.3386086999962572,0.6398,10000.0,7470.4430055086
batch_size_cifar10,200,cuda,10,0.01,0,0,ProjectCIFAR10CNN,2193226,70.58798489999026,50000.0,500000.0,7083.358459777607,7.1169041999964975,0.59044,50000.0,7025.526632777298,1.312293499999214,0.5746,10000.0,7620.246537840803
batch_size_cifar10,500,cuda,10,0.01,0,0,ProjectCIFAR10CNN,2193226,65.0093967000139,50000.0,500000.0,7691.195817540838,6.687361399992369,0.468,50000.0,7476.790472256675,1.2965273000008892,0.4719,10000.0,7712.911251458524
batch_size_cifar10,1000,cuda,10,0.01,0,0,ProjectCIFAR10CNN,2193226,62.693411699990975,50000.0,500000.0,7975.319677810292,6.535111299977871,0.34968,50000.0,7650.979104237951,1.2681004999903962,0.3535,10000.0,7885.810312412726
